8d1b3401-0308-4001-95fe-2b7c1814314a,,2022-12-09 11:36:49.088325,2022-12-09 11:36:49.088325,en,Thermomix,,{},7b6c9fd5-f124-4ac6-8c92-36e8458b162f
27ae0267-3624-4eff-b57d-dc53f97f13ac,,2022-12-09 11:36:49.088325,2022-12-09 11:36:49.088325,vn,Thermomix,,{},7b6c9fd5-f124-4ac6-8c92-36e8458b162f
9c55036e-1952-4c87-9ae8-ebffc92966d4,,2022-12-09 11:37:34.623574,2022-12-09 11:37:34.623574,en,Shariot,,{},5d9c5985-b946-486d-b878-9f5bb7af8b20
579e2dd9-4c82-49e2-abf1-e024294c9b06,,2022-12-09 11:37:34.623574,2022-12-09 11:37:34.623574,vn,Shariot,,{},5d9c5985-b946-486d-b878-9f5bb7af8b20
86935f4d-9f95-4978-aa80-166a2d1163dc,,2022-12-09 11:37:57.185289,2022-12-09 11:37:57.185289,en,Crosstech,,{},bd6c4a26-9cfd-49f0-a845-2a4b2ee8c0c6
4e923457-e978-4464-b2c9-b2edbf7a0107,,2022-12-09 11:37:57.185289,2022-12-09 11:37:57.185289,vn,Crosstech,,{},bd6c4a26-9cfd-49f0-a845-2a4b2ee8c0c6
3169fcda-dadd-4155-afe7-d41712a42669,,2022-12-09 11:38:33.922417,2022-12-09 11:38:33.922417,en,Shiseido,,{},ac70b0a5-e73a-4efd-9781-453c3faa0792
4feacb2b-bd0e-4fe2-9607-dc436222d2bc,,2022-12-09 11:38:33.922417,2022-12-09 11:38:33.922417,vn,Shiseido,,{},ac70b0a5-e73a-4efd-9781-453c3faa0792
04c15b54-506e-4f34-8690-9e2110959a8b,,2022-12-09 11:38:59.389927,2022-12-09 11:38:59.389927,en,Aeon,,{},8b6b43ea-b61e-446c-ac7d-009578ebb03a
a3601179-9fed-43e5-81a5-74c730c2c6af,,2022-12-09 11:38:59.389927,2022-12-09 11:38:59.389927,vn,Aeon,,{},8b6b43ea-b61e-446c-ac7d-009578ebb03a
6f25a387-e819-4ec5-af2c-ce130ccbf22e,,2022-12-09 11:39:20.369690,2022-12-09 11:39:20.369690,en,Doxa,,{},db413ee3-2311-49f1-91fa-a4a72783b2fc
57b054a1-6d03-4d30-baab-882f811eb07d,,2022-12-09 11:39:20.369690,2022-12-09 11:39:20.369690,vn,Doxa,,{},db413ee3-2311-49f1-91fa-a4a72783b2fc
209b8b0b-4a46-40e2-adb6-2160fa54d82c,,2022-12-09 11:39:53.617118,2022-12-09 11:39:53.617118,en,Gmt,,{},6bc6dfea-ac9b-4a46-bb88-c3424e532d7b
9c467558-0581-4a46-92b5-1976dfced5bb,,2022-12-09 11:39:53.617118,2022-12-09 11:39:53.617118,vn,Gmt,,{},6bc6dfea-ac9b-4a46-bb88-c3424e532d7b
da923d9c-9889-4063-8381-d58b85f5f9e1,,2022-12-09 11:40:35.111021,2022-12-09 11:40:35.111021,en,Softbank,,{},b6e4312e-8d6b-4938-9b81-cd3ef1da5b5d
6927ad0e-002f-4e67-8112-2bce3fdd7e65,,2022-12-09 11:40:35.111021,2022-12-09 11:40:35.111021,vn,Softbank,,{},b6e4312e-8d6b-4938-9b81-cd3ef1da5b5d
17561440-388b-466f-81ab-4e097a00dc14,,2022-12-09 11:40:55.927699,2022-12-09 11:40:55.927699,en,Uhouse,,{},edf3ecc5-3a88-4014-9d58-bf3f88c5485f
85c05b64-835c-430f-b95a-274b2f20f8e8,,2022-12-09 11:40:55.927699,2022-12-09 11:40:55.927699,vn,Uhouse,,{},edf3ecc5-3a88-4014-9d58-bf3f88c5485f
93c3801b-c957-4ab6-98e0-78b7c692e069,,2022-12-09 11:41:21.311757,2022-12-09 11:41:21.311757,en,Asia,,{},16144bd5-4e85-4e1e-831e-f300b720f5bb
6a95c2f0-0a39-4853-aa84-76fdd4ad8779,,2022-12-09 11:41:21.311757,2022-12-09 11:41:21.311757,vn,Asia,,{},16144bd5-4e85-4e1e-831e-f300b720f5bb
a4db6175-f3cd-4922-992b-f3445ec2ca1e,,2022-12-09 11:41:48.389962,2022-12-09 11:41:48.389962,en,Gumi,,{},cc3244eb-8bc7-461f-b35d-9041a16d4dd2
ccc5504a-8945-4b8e-a621-81a8eeff0529,,2022-12-09 11:41:48.389962,2022-12-09 11:41:48.389962,vn,Gumi,,{},cc3244eb-8bc7-461f-b35d-9041a16d4dd2
fa29d40c-eed4-4274-b689-69942064b260,,2022-12-09 11:42:10.767462,2022-12-09 11:42:10.767462,en,Ivc,,{},a9e12310-d703-4850-a677-d3095ff47300
dcfc2e24-b4d3-48c7-b99a-bd85b9084d01,,2022-12-09 11:42:10.767462,2022-12-09 11:42:10.767462,vn,Ivc,,{},a9e12310-d703-4850-a677-d3095ff47300
d1c87b1e-6397-4726-93c0-db15284d5a40,,2022-12-09 11:45:04.945821,2022-12-09 11:45:04.945821,en,Anscenter,,{},53647de2-a3b4-477b-ab7d-632958db574f
f4b76356-5cd2-4b2e-9e47-5a472b017b69,,2022-12-09 11:45:04.945821,2022-12-09 11:45:04.945821,vn,Anscenter,,{},53647de2-a3b4-477b-ab7d-632958db574f
b853f3d6-abe3-47a0-9533-b32e006df12f,,2022-12-09 11:45:48.034239,2022-12-09 11:45:48.034239,en,Onetech,,{},249e946d-7153-4bf5-b61d-380d9140577e
e495fc60-bacf-41d1-9250-dad0e5778f28,,2022-12-09 11:45:48.034239,2022-12-09 11:45:48.034239,vn,Onetech,,{},249e946d-7153-4bf5-b61d-380d9140577e
6b492c44-c01a-4561-8087-24d62f6a0d74,,2022-12-11 05:26:23.788121,2022-12-11 05:26:23.788121,vn,UX/UI Design,,{},039f8ac4-8e13-40c3-9b4b-a84662b809f9
ec0a455d-42fd-4899-b13f-46c39a45af25,,2022-12-09 15:40:53.629989,2022-12-11 12:45:35.169097,vn,Tư vấn chuyển đổi số,Chúng tôi cung cấp dịch vụ tư vấn chuyển đổi số giúp doanh nghiệp từng bước xây dựng nên nguồn lực đồng thời tận dụng các công nghệ để giải quyết những bài toán cụ thể gắn liền với định hướng phát triển của doanh nghiệp và tạo ra các giá trị mới ngoài các giá trị truyền thống vốn có cho doanh nghiệp ,{},48c7223a-ecda-4dfd-b687-dd33453b397f
809490c8-4253-490e-a956-6880b9987181,,2022-12-09 15:44:43.399786,2022-12-11 12:45:44.540616,vn,Dịch vụ nghiên cứu và phát triển,"ARI cung cấp các dịch vụ nghiên cứu, phát triển về công nghệ để áp dụng vào sản phẩm mới cũng như cải tiến các sản phẩm phần mềm hiện có của công ty. ",{},7db273f0-e8d0-4191-a371-bba10e3650ac
17791778-b9c0-4902-bb32-e16d817e1080,,2022-12-09 15:44:43.399786,2022-12-11 12:45:44.540616,en,R&D Services,ARI provides services to research and develop new technologies and products as well as improving our existing software products. ,{},7db273f0-e8d0-4191-a371-bba10e3650ac
7e1d2727-c53b-4dea-97c3-bc7d28116cdd,,2022-12-09 15:46:27.569221,2022-12-11 12:45:54.275392,en,Outsourcing Services,We are confident in designing and building hi-tech products in order to improve work efficiency and the quality of community life. ,{},877c1002-d575-46c1-9b08-eae085a4f0ee
27bfb2c8-a79c-4233-89c8-4784c6b0770e,,2022-12-09 15:40:53.629989,2022-12-11 12:45:35.169097,en,Digital Transformation,We provide digital transformation consulting services for businesses to step-by-step build resources while utilizing technology to solve specific pain points associated with the business’s oriented development to create new values. ,{},48c7223a-ecda-4dfd-b687-dd33453b397f
6059a527-1b64-47f5-8bea-ff47bb45b255,,2022-12-09 13:39:40.093333,2022-12-11 12:44:34.095798,vn,Đối với các cổ đông và đối tác,Thúc đẩy tinh thần hợp tác đôi bên cùng có lợi cũng như các giá trị đầu tư bền vững.,{},dd365c5d-52c7-4c0b-aa00-e34d4a752c39
fbfc4c9c-40fd-4dff-b802-fcbbe21dbe5c,,2022-12-09 13:40:20.247933,2022-12-11 12:44:44.097699,vn,Đối với nhân viên,"Tạo điều kiện tối đa cho sự phát triển của nhân viên. Mang tới môi trường làm việc chuyên nghiệp, năng động và sáng tạo.",{},4f96e946-ca44-4dd9-81b6-c26eaddef094
1a6a3221-997f-41dc-a26f-052fac9470e6,,2022-12-09 13:39:40.093333,2022-12-11 12:44:34.095798,en,For the shareholders and partners,Promoting a win-win collaborative spirit as well as sustainable investment values.,{},dd365c5d-52c7-4c0b-aa00-e34d4a752c39
0ef1571c-9b58-48c9-b52b-62c2711b1f62,,2022-12-09 13:38:54.476042,2022-12-11 12:44:22.362928,vn,Đối với thị trường,Cung cấp các sản phẩm và dịch vụ đạt tiêu chuẩn quốc tế.,{},3f4b406d-edc1-4b7a-b42d-5e177ad654b7
7e802e99-9071-4620-b215-c8a7fb448720,,2022-12-09 13:40:20.247933,2022-12-11 12:44:44.097699,en,For the employees,"Creating an optimal environment for employee’ development. Providing a professional, dynamic and creative workplace for employees.",{},4f96e946-ca44-4dd9-81b6-c26eaddef094
79e25352-0139-46a7-ac0d-9946d0e5d698,,2022-12-09 13:38:54.476042,2022-12-11 12:44:22.362928,en,For the market,Delivering international qualified products and services.,{},3f4b406d-edc1-4b7a-b42d-5e177ad654b7
34480be7-b04c-4695-85e2-4ad42f3a5c68,,2022-12-11 05:20:45.092064,2022-12-11 05:20:45.092064,en,Automation Testing,,{},bc8cf83a-4186-4497-abb8-3c56c420ba62
1b2164be-0989-4722-9183-b0769ae4d045,,2022-12-11 05:20:45.092064,2022-12-11 05:20:45.092064,vn,Automation Testing,,{},bc8cf83a-4186-4497-abb8-3c56c420ba62
0ec383bd-b306-4177-89af-9d4e17fc228f,,2022-12-11 05:20:56.979159,2022-12-11 05:20:56.979159,en,CSS,,{},42db388c-e097-498d-b04a-622653471c57
5d597ef3-040c-4438-80e4-82746f1be2da,,2022-12-11 05:20:56.979159,2022-12-11 05:20:56.979159,vn,CSS,,{},42db388c-e097-498d-b04a-622653471c57
f78e6701-7583-4bcb-8d72-e5914fa402c8,,2022-12-11 05:22:44.022501,2022-12-11 05:22:44.022501,en,Javascript,,{},5a8d9912-dd62-4239-9542-dd4da3f00959
32e7ee91-3a45-46d2-ac47-742e635d80cc,,2022-12-11 05:22:44.022501,2022-12-11 05:22:44.022501,vn,Javascript,,{},5a8d9912-dd62-4239-9542-dd4da3f00959
e1621572-6152-49bf-bec6-1a8998da814e,,2022-12-11 05:23:24.592213,2022-12-11 05:23:24.592213,en,Nestjs,,{},18fdc9fb-da2c-4ae2-9868-86de2ffb9368
cac8fe84-277e-47e9-bd84-b5403f75f804,,2022-12-11 05:23:24.592213,2022-12-11 05:23:24.592213,vn,Nestjs,,{},18fdc9fb-da2c-4ae2-9868-86de2ffb9368
0b060bdc-8e7c-4c50-95f4-c054371374fd,,2022-12-11 05:24:03.022613,2022-12-11 05:24:03.022613,en,Postgres,,{},be9886fa-d9a7-47d1-bcac-ba13649bb40d
088a4fe3-084c-4ea6-9a08-7240f6814dcf,,2022-12-11 05:24:03.022613,2022-12-11 05:24:03.022613,vn,Postgres,,{},be9886fa-d9a7-47d1-bcac-ba13649bb40d
b7ce568f-a0a5-44eb-ab36-853cb35799e5,,2022-12-11 05:24:18.947015,2022-12-11 05:24:18.947015,en,Python,,{},f3551c77-6161-4af7-884c-078a0febb9e3
17ca05c5-f249-491a-bc4c-0f9263107bd5,,2022-12-11 05:24:18.947015,2022-12-11 05:24:18.947015,vn,Python,,{},f3551c77-6161-4af7-884c-078a0febb9e3
42181a14-f16a-4906-bab0-5b31877c3bca,,2022-12-11 05:25:06.909477,2022-12-11 05:25:06.909477,en,React Native,,{},7c3fba3f-8693-423f-b297-a2507a6c4aa1
99afaaf6-b482-4338-a6d6-f521a1bd2fdf,,2022-12-11 05:25:06.909477,2022-12-11 05:25:06.909477,vn,React Native,,{},7c3fba3f-8693-423f-b297-a2507a6c4aa1
a42d805f-a0b1-4350-8ada-118e098b72a0,,2022-12-11 05:25:58.798225,2022-12-11 05:25:58.798225,en,Springboot,,{},1a68540a-a23b-4fcb-919f-73250ea7df2b
c7496883-c880-4df3-9ce3-803e9d449bd1,,2022-12-11 05:25:58.798225,2022-12-11 05:25:58.798225,vn,Springboot,,{},1a68540a-a23b-4fcb-919f-73250ea7df2b
a82f372e-7d6e-4877-bea9-1f8e25234a4a,,2022-12-09 15:52:33.603075,2022-12-11 12:46:33.518750,en,Our Team,We are the strongest when working together,{},c32eb118-8e27-49bc-9986-ff8d8241b670
2722839e-439f-4b70-86d9-d8515fd57b8f,,2022-12-09 15:50:10.208621,2022-12-11 12:46:14.028339,vn,Triết lý của chúng tôi,"Không ngừng thúc đẩy sự phát triển cá nhân, nuôi dưỡng sự sáng tạo và lan tỏa giá trị tới cộng đồng. ",{},106710a0-6b8f-4d34-bc1e-f076cdc058d1
ca3b0fe8-159e-42c1-a21a-7095c6b40915,,2022-12-09 15:59:30.102802,2022-12-11 12:58:33.976395,en,Truong Thi Ny (Ut Ny),"Currently, she is a Special Commissioner and Representative of the European Economic Development Council (EEDC) - Honorary Representative Coordinating Chairperson of EEDC Kingdom of Thailand and High Commissioner for Asian Countries-Pacific and Asia for the European Economic Development Council (EEDC). Additionally, she is an expert advisor for more than 10 organizations and companies, including ARI Technology Joint Stock Company. ","{""time"": 1670738307223, ""blocks"": [{""id"": ""MDwXze0BCQ"", ""data"": {""text"": ""Expert advisor"", ""level"": 6}, ""type"": ""header""}, {""id"": ""dAX9o74vCY"", ""data"": {""text"": ""Currently a Special Commissioner and Representative of the European Economic Development Council (EEDC).""}, ""type"": ""paragraph""}, {""id"": ""PWA0uFwbzt"", ""data"": {""text"": ""Member of the Advisory Council of the Institute of Economics - Law, and Management.""}, ""type"": ""paragraph""}, {""id"": ""4W9WFGTo1T"", ""data"": {""text"": ""Adviser at the ASEAN Legal Advisory Center Board.""}, ""type"": ""paragraph""}, {""id"": ""us_RybiN9d"", ""data"": {""text"": ""Community Strategy Advisor to the Vice President of the Asian Yoga Federation.""}, ""type"": ""paragraph""}, {""id"": ""vf2f3QKOv6"", ""data"": {""text"": ""Comprehensive advisor directly to the President of the Hanoi Sports Association.""}, ""type"": ""paragraph""}, {""id"": ""-Cxb_gcDgT"", ""data"": {""text"": ""Member of Executive Committee - Deputy Head of Communication &amp; External Relations Department of Hanoi Sports and Entertainment Association, the term I (2020-2025).""}, ""type"": ""paragraph""}, {""id"": ""GFONv4SZv4"", ""data"": {""text"": ""Enterprise solution support specialist.""}, ""type"": ""paragraph""}, {""id"": ""joV0t2_NVK"", ""data"": {""text"": ""Investment consultant - Support Dragon Capital &amp; VinaCapital fund in Vietnam.""}, ""type"": ""paragraph""}, {""id"": ""NyzOcdChU_"", ""data"": {""text"": ""Adviser at NH Securities Vietnam Co., Ltd.""}, ""type"": ""paragraph""}, {""id"": ""6-e6ABmXbh"", ""data"": {""text"": ""Comprehensive strategic advisor for the Central Highlands Regional Incubator Alliance (ISHN)""}, ""type"": ""paragraph""}, {""id"": ""EvS_TI2v1_"", ""data"": {""text"": ""Comprehensive strategic advisor for Trade Promotion Club of Vietnam Young Entrepreneurs Association (VINATIPC).""}, ""type"": ""paragraph""}, {""id"": ""nCPz0B5-3T"", ""data"": {""text"": ""Member of the Advisory Board of the \""Ket Noi Chap Canh Tuong Lai\"" Scholarship Fund.""}, ""type"": ""paragraph""}, {""id"": ""7sSd0z6FUw"", ""data"": {""text"": ""Comprehensive strategic advisor for GLOBAL MINERAL TRADING GROUP JOINT STOCK COMPANY (GMT)""}, ""type"": ""paragraph""}, {""id"": ""zVUBNi79mw"", ""data"": {""text"": ""Comprehensive strategic advisor of ARI Technology Joint Stock Company.""}, ""type"": ""paragraph""}], ""version"": ""2.26.2""}",7306cd76-fbb6-4989-a8e7-7ce26a1b8c52
b5eec758-e337-4e99-9204-8dbe459b3fcc,,2022-12-09 13:38:02.188284,2022-12-11 12:44:05.949018,en,For the social,Step-by-step modernization of the business administration process towards the 4.0 industry.,{},89ad5c8c-937b-4495-b528-bcbb204b7b86
d99b5ce1-3ddc-4e17-9445-2671dc5a9e2e,,2022-12-09 13:38:02.188284,2022-12-11 12:44:05.949018,vn,Đối với xã hội,Từng bước hiện đại hóa công tác quản lý doanh nghiệp theo hướng công nghiệp 4.0.,{},89ad5c8c-937b-4495-b528-bcbb204b7b86
c9899f63-5dd7-444c-8a01-90100875beda,,2022-12-09 15:47:32.357267,2022-12-11 12:46:03.347329,en,Product Development,"With a team of professional developers and standard operational processes, ARI Technology always strives to research and build many effective software products that not only meet the actual needs of the market but also contribute to improving world innovation. ",{},607a6b94-12ec-4047-a93e-b084913709b5
c9f2f43c-ee4e-4b74-84a8-a3553fd64737,,2022-12-09 15:50:10.208621,2022-12-11 12:46:14.028339,en,Our Philosophy,"Constantly promotes personal development, nurtures creativity and spreads meaningful values",{},106710a0-6b8f-4d34-bc1e-f076cdc058d1
57221f67-4ab6-4c0c-9cb5-9fb6bda601af,,2022-12-09 15:51:39.692129,2022-12-11 12:46:23.853282,vn,Giá trị cốt lõi của chúng tôi,Bàn giao sản phẩm với chất lượng tốt nhất cho khách hàng theo đúng tiến độ đã đề ra.,{},83d8c7e1-a88b-46bc-9bd5-d179f34f71de
1c1fdf1c-3330-410e-8238-d116fa1dbc1a,,2022-12-09 15:51:39.692129,2022-12-11 12:46:23.853282,en,Our Core Values,Deliver top-notch quality product for our customers within the time budget,{},83d8c7e1-a88b-46bc-9bd5-d179f34f71de
c1cf9611-be1d-4438-8381-9bcf3fecc8a1,,2022-12-09 15:53:15.982829,2022-12-11 12:46:44.823002,vn,Cam kết của chúng tôi,Tạo giá trị cho khách hàng theo cách chuyên nghiệp.,{},505d6e4e-ba77-40cc-8fff-07ed1e74a5f1
5db8d2b9-b814-4ace-98ee-f7784929a1a1,,2022-12-09 15:53:15.982829,2022-12-11 12:46:44.823002,en,Our Commitments,Create values for our clients in a professional way,{},505d6e4e-ba77-40cc-8fff-07ed1e74a5f1
77a7978f-cddf-4361-9cfd-c95ccb457664,,2022-12-09 15:52:33.603075,2022-12-11 12:46:33.518750,vn,Đội ngũ của chúng tôi,Chúng ta mạnh nhất khi làm việc cùng nhau.,{},c32eb118-8e27-49bc-9986-ff8d8241b670
ee044c3b-f48e-4939-9056-e9c06ea865e1,,2022-12-11 05:21:31.635024,2022-12-11 05:21:31.635024,en,Futter,,{},547a9ca9-04d8-4591-bbe2-277399c13a78
8a94bb50-5956-4ca9-a111-4d2fcd11c8da,,2022-12-11 05:21:31.635024,2022-12-11 05:21:31.635024,vn,Futter,,{},547a9ca9-04d8-4591-bbe2-277399c13a78
e7d66031-4ca0-419d-b358-d39c2b7a3560,,2022-12-11 05:21:50.482496,2022-12-11 05:21:50.482496,en,HTML,,{},ae9176ce-b0d0-4041-a8f2-81bc27ee9027
5b753326-8118-4cfa-a548-5002615674f1,,2022-12-11 05:21:50.482496,2022-12-11 05:21:50.482496,vn,HTML,,{},ae9176ce-b0d0-4041-a8f2-81bc27ee9027
418c82ea-0c58-497f-9a1f-2f80f9a37475,,2022-12-11 05:22:03.481768,2022-12-11 05:22:03.481768,en,iOS,,{},0bdda910-63ee-40fb-a934-cd97ef4646bd
7a6018ae-a745-4089-b49e-3011da144cd7,,2022-12-11 05:22:03.481768,2022-12-11 05:22:03.481768,vn,iOS,,{},0bdda910-63ee-40fb-a934-cd97ef4646bd
e119e3b7-a607-4754-8a01-5d1b931e97d7,,2022-12-11 05:22:15.286081,2022-12-11 05:22:15.286081,en,Java,,{},3a132f4a-c108-44de-a9d9-8bcb53d34821
7ca67f8b-3c01-485f-81ac-f85dec7ce6cc,,2022-12-11 05:22:15.286081,2022-12-11 05:22:15.286081,vn,Java,,{},3a132f4a-c108-44de-a9d9-8bcb53d34821
1d3b3e39-5c83-425e-ae55-2968b7803b77,,2022-12-11 05:23:03.067068,2022-12-11 05:23:03.067068,en,MonngoDB,,{},ff16b657-78c3-4e77-8c9c-85320e8d5cbc
6be6b1f9-4ebf-4072-8f1d-500c4f098612,,2022-12-11 05:23:03.067068,2022-12-11 05:23:03.067068,vn,MonngoDB,,{},ff16b657-78c3-4e77-8c9c-85320e8d5cbc
8e46ac71-bb38-4a31-b0b0-9be3d48be005,,2022-12-11 05:23:42.851523,2022-12-11 05:23:42.851523,en,Node.js,,{},b04f289e-5b5e-4ee5-8a42-92882320aea7
a22a5b1a-af14-4b8c-84db-6d2a7d620c9a,,2022-12-11 05:23:42.851523,2022-12-11 05:23:42.851523,vn,Node.js,,{},b04f289e-5b5e-4ee5-8a42-92882320aea7
f4c3de6d-2d34-4910-b505-51e3a0a319ed,,2022-12-11 05:24:36.453490,2022-12-11 05:24:36.453490,en,QA/QC Manual,,{},f11e4f68-2362-4f45-bf4e-eec57c025832
bce4a8f3-bd4c-42d8-88a6-3edd9fa4b7c4,,2022-12-11 05:24:36.453490,2022-12-11 05:24:36.453490,vn,QA/QC Manual,,{},f11e4f68-2362-4f45-bf4e-eec57c025832
539c3b41-1d36-4a7e-b009-bb17ec60b1e9,,2022-12-11 05:24:50.462333,2022-12-11 05:24:50.462333,en,React JS,,{},61631ae6-562a-4cb4-8448-397bcd9f3c1c
5ce9f761-69c6-4eaa-a095-85f266bed7d9,,2022-12-11 05:24:50.462333,2022-12-11 05:24:50.462333,vn,React JS,,{},61631ae6-562a-4cb4-8448-397bcd9f3c1c
cc960422-92d3-4676-a5ff-1534a99948e1,,2022-12-11 05:25:35.089219,2022-12-11 05:25:35.089219,en,Software Architecture,,{},81d298e3-65f3-4d8b-8a7f-86843743b143
cec86dd4-d171-4ad5-bd9b-7703ea09f941,,2022-12-11 05:25:35.089219,2022-12-11 05:25:35.089219,vn,Software Architecture,,{},81d298e3-65f3-4d8b-8a7f-86843743b143
e5caa50b-5c7a-4d1a-9252-2b2e8a940e01,,2022-12-09 16:01:16.380157,2022-12-11 12:59:30.742862,en,Phung Duc Chinh,"Many years of operation in the field of software development and operation management of the company, consulting and implementing software solutions for customers. ","{""time"": 1670738342673, ""blocks"": [{""id"": ""xi7V1qdYzo"", ""data"": {""text"": ""Chief Customer Officer"", ""level"": 6}, ""type"": ""header""}, {""id"": ""9FKp0csC4n"", ""data"": {""text"": ""3+ years of Co-Founder at EdTech company, in charge of strategy, operations, communication and product development. 5+ years of Software Development experience in business domain such as Business matching service, Job hunt, Magazine, E-commerce,...""}, ""type"": ""paragraph""}], ""version"": ""2.26.2""}",83e49daa-9c35-437d-b282-d8659d9eb6f3
40c5a8c4-c5fc-4651-9f66-947934f91b0c,,2022-12-09 16:03:24.941096,2022-12-11 13:00:33.259160,vn,Nguyễn Bá Trung,"Anh ấy có kinh nghiệm trong các dự án nghiên cứu và phát triển công nghệ cao, ứng dụng trên web, IoT và DevOps. Có kinh nghiệm quản lý nhân sự và dự án. ","{""time"": 1670738410267, ""blocks"": [{""id"": ""Y4oymnYxZs"", ""data"": {""text"": ""Phó giám đốc"", ""level"": 6}, ""type"": ""header""}, {""id"": ""HUAbdZapRC"", ""data"": {""text"": ""Anh ấy có hơn 5 năm kinh nghiệm trong lĩnh vực phát triển phần mềm. Quản lý con người, quản lý project. Là một Full Stack developer, từng làm việc với các ngôn ngữ như : Java, C#, Nodejs, Golang, Postgres, Mongodb, devOps ...Là người thích đam mê, tìm hiểu những công nghệ mới (AI, IOT, Blockchain...) để ứng dụng vào phát triển các sản phẩm phần mềm.""}, ""type"": ""paragraph""}], ""version"": ""2.26.2""}",e36605ff-7edd-4c92-a20e-dc762c743d7d
5734eae6-6afb-4592-9be5-7e17e195c9fa,,2022-12-09 16:04:58.281157,2022-12-11 13:01:16.733264,en,Le Viet Quynh,"She has extensive experience in over 11 years in software testing in Vietnam as well as broad. She is responsible for defining the vision for the project, sets priorities and ensures work is completed on time with best quality.","{""time"": 1670738464254, ""blocks"": [{""id"": ""QHmyoLb7O1"", ""data"": {""text"": ""Delivery Manager"", ""level"": 6}, ""type"": ""header""}, {""id"": ""mXn35DdSb1"", ""data"": {""text"": ""Graduated from Bach Khoa University which is the top university in Vietnam, she has more than 11 years of experience in software testing for the products in foreign market such as UK, US, Australia, Europe, Singapore. Experience in building/managing/leading team, build quality process for company. There are a lot of experience in a lot of business domain, from healthcare, business, insurance and finance. Strong leadership, collaboration and presentation skill with hands on experience of managing members from different projects.""}, ""type"": ""paragraph""}], ""version"": ""2.26.2""}",2f304cad-e242-42d4-b429-2f6d473c7e93
c9d72eba-f2e2-43f8-982e-1af410140cc0,,2022-12-11 05:19:55.332338,2022-12-11 05:19:55.332338,en,Android,,{},fafac13e-6922-4a93-bc54-d9678508f02e
a9380c89-49c2-492b-898d-2a960fbb6fd4,,2022-12-11 05:19:55.332338,2022-12-11 05:19:55.332338,vn,Android,,{},fafac13e-6922-4a93-bc54-d9678508f02e
100c1f00-7f95-45bd-9dc8-78d71d38be03,,2022-12-11 05:20:23.993976,2022-12-11 05:20:23.993976,en,Angular,,{},2db8cfa1-66d3-4836-8a18-2a81008f901a
c9f0d42d-536e-4ea5-b582-0345930e7129,,2022-12-11 05:20:23.993976,2022-12-11 05:20:23.993976,vn,Angular,,{},2db8cfa1-66d3-4836-8a18-2a81008f901a
26a1cf18-0a36-47da-91ad-343b691928cc,,2022-12-11 05:26:23.788121,2022-12-11 05:26:23.788121,en,UX/UI Design,,{},039f8ac4-8e13-40c3-9b4b-a84662b809f9
d9193b05-a72e-440d-a948-33c0ad039ee0,,2022-12-09 16:01:16.380157,2022-12-11 12:59:30.742862,vn,Phùng Đức Chính,"Nhiều năm hoạt động trong lĩnh vực phát triển phần mềm và quản lý vận hành công ty, tư vấn triển khai các giải pháp phần mềm cho khách hàng. ","{""time"": 1670738361895, ""blocks"": [{""id"": ""cHAq1-IZ_Y"", ""data"": {""text"": ""Giám đốc kinh doanh"", ""level"": 6}, ""type"": ""header""}, {""id"": ""jF9RLzvZ4A"", ""data"": {""text"": ""Hơn 3 năm Đồng sáng lập tại công ty EdTech, phụ trách chiến lược, hoạt động, truyền thông và phát triển sản phẩm. Hơn 5 năm kinh nghiệm Phát triển phần mềm trong lĩnh vực kinh doanh như Dịch vụ kết hợp doanh nghiệp, Tìm việc, Tạp chí, Thương mại điện tử,...""}, ""type"": ""paragraph""}], ""version"": ""2.26.2""}",83e49daa-9c35-437d-b282-d8659d9eb6f3
a97dd589-281f-40b2-8885-27ca0489953c,,2022-12-09 16:03:24.941096,2022-12-11 13:00:33.259160,en,Nguyen Ba Trung,"He has extensive experience in various projects such as R&D hi-tech, Web App, IoT and DevOps.Experience in management human and project. ","{""time"": 1670738428733, ""blocks"": [{""id"": ""NneT6iJ0j5"", ""data"": {""text"": ""Vice Director"", ""level"": 6}, ""type"": ""header""}, {""id"": ""_hGNF_xRj6"", ""data"": {""text"": ""He has more than 5 years of experience in software development, human resource management, and project management. As a Full Stack Developer, who has worked in languages ​​such as Java, C#, Nodejs, Golang, Postgres, MongoDB, Devops ...He is passionate about technology and eager to learn new technologies (AI, IoT, Blockchain. ..) in order to apply to the development of software products.""}, ""type"": ""paragraph""}], ""version"": ""2.26.2""}",e36605ff-7edd-4c92-a20e-dc762c743d7d
704ec5dc-dfc6-49c9-83df-6f9bfceb176f,,2022-12-09 16:04:58.281157,2022-12-11 13:01:16.733264,vn,Lê Việt Quỳnh,"Cô ấy có hơn 11 năm kinh nghiệm trong lĩnh vực kiểm thử phần mềm tại Việt Nam cũng như các thị trường quốc tế. Cô ấy chịu trách nhiệm xác định tầm nhìn dự án, đặt ra các ưu tiên và đảm bảo các công việc được hoàn thành đúng thời hạn với chất lượng tốt nhất","{""time"": 1670738475908, ""blocks"": [{""id"": ""EMMCIVlQZ9"", ""data"": {""text"": ""Quản Lý"", ""level"": 6}, ""type"": ""header""}, {""id"": ""evSQu1vwjf"", ""data"": {""text"": ""Tốt nghiệp Đại học Bách Khoa là trường đại học hàng đầu Việt Nam, cô ấy có hơn 11 năm kinh nghiệm trong lĩnh vực kiểm thử phần mềm cho các sản phẩm tại thị trường nước ngoài như Anh, Mỹ, Úc, Châu âu, Singapore. Cô ấy có kinh nghiệm xây dựng/ quản lý / lãnh đạo đội ngũ, xây dựng quy trình tốt nhất cho công ty. Có nhiều kinh nghiệm trong lĩnh vực kinh doanh từ chăm sóc sức khoẻ, kinh doanh, bảo hiểm và tài chính. Các kỹ năng mạnh như lãnh đạo, hợp tác và thuyết trình cùng với kinh nghiệm quản lý các thành viên trong nhiều dự án khác nhau.""}, ""type"": ""paragraph""}], ""version"": ""2.26.2""}",2f304cad-e242-42d4-b429-2f6d473c7e93
c7795989-c0a5-4f9d-bab1-85b91d83dadf,,2022-12-09 16:07:05.755731,2022-12-11 13:02:05.180252,en,Nguyen Khac Sinh Nhat,"Professional Software Developer with more than 10 years experience in implementing and managing software projects for Vietnam Asian, and Japanese market.","{""time"": 1670738522697, ""blocks"": [{""id"": ""eb4EzK5DHf"", ""data"": {""text"": ""General Manager"", ""level"": 6}, ""type"": ""header""}, {""id"": ""Ve1Dp5vWDV"", ""data"": {""text"": ""He is a developer who earned his degree from the best university in Vietnam, VNUHCM-University Of Science. He has extensive professional experience (especially in the retail industry), technical expertise (software development, system architect, network, infra, etc.), good English and Japanese communication skills, and he has a long history of working at Japanese companies and top outsourcing firms in Vietnam. As both a professional developer and project manager, he has successfully implemented and managed numerous software projects for the Vietnamese, Asian, and Japanese markets.""}, ""type"": ""paragraph""}], ""version"": ""2.26.2""}",da3df091-b791-4893-886a-b82672f1af5b
230ed2de-3e7b-4766-a1c6-fbc3eb7c13e4,,2022-12-09 15:47:32.357267,2022-12-11 12:46:03.347329,vn,Phát triển sản phẩm phần mềm,"Với đội ngũ phát triển chuyên nghiệp và quy trình hoạt động tiêu chuẩn, ARI Technology luôn nỗ lực nghiên cứu và xây dựng nhiều sản phẩm phần mềm hiệu quả, không chỉ đáp ứng được nhu cầu thực tế của thị trường mà còn góp phần cải tiến sự đổi mới của thế giới. ",{},607a6b94-12ec-4047-a93e-b084913709b5
6ee39795-3f56-463a-9b48-64fbed747add,,2022-12-09 15:46:27.569221,2022-12-11 12:45:54.275392,vn,Dịch vụ gia công phần mềm,"Chúng tôi tự tin thiết kế, xây dựng và phát triển các sản phẩm công nghệ nhằm nâng cao hiệu quả công việc và chất lượng cuộc sống cộng đồng. ",{},877c1002-d575-46c1-9b08-eae085a4f0ee
aa221e9a-33d8-4f58-90f9-d5b9213d9803,,2022-12-09 15:57:03.644071,2022-12-11 12:57:21.572662,vn,Ung Tiến Dũng,"Xuất thân là một kỹ sư Công nghệ thông tin, tốt nghiệp trường Đại học Bách Khoa Thành phố Hồ Chí Minh. Với hơn 10 năm kinh nghiệm trong ngành và các dự án lớn nhỏ, là chuyên gia trong lĩnh vực tư vấn chuyển đổi số.","{""time"": 1670738236668, ""blocks"": [{""id"": ""g_zHSPcprD"", ""data"": {""text"": ""Chủ tịch &amp; Giám đốc điều hành"", ""level"": 6}, ""type"": ""header""}, {""id"": ""XEDgFgRcc9"", ""data"": {""text"": ""Xuất thân là một kỹ sư CNTT, tốt nghiệp trường Đại học Bách Khoa Thành phố Hồ Chí Minh. Với hơn 10 năm kinh nghiệm trong ngành và các dự án lớn nhỏ, anh ấy là chuyên gia trong lĩnh vực tư vấn chuyển đổi số.""}, ""type"": ""paragraph""}, {""id"": ""DUoK2jEtbi"", ""data"": {""text"": ""Kinh nghiệm làm việc:""}, ""type"": ""paragraph""}, {""id"": ""CQsHNSXA5a"", ""data"": {""text"": ""<b>CÔNG TY CỔ PHẦN CÔNG NGHỆ ARI</b>""}, ""type"": ""paragraph""}, {""id"": ""lUGdrFXT8n"", ""data"": {""text"": ""<i><b>Chủ tịch &amp; Giám Đốc Điều Hành / 2018 - Hiện tại</b></i>""}, ""type"": ""paragraph""}, {""id"": ""eTLytgTQuU"", ""data"": {""text"": ""Định hướng chiến lược cơ cấu, tổ chức, phát triển công ty trong giai đoạn ngắn và dài hạn.""}, ""type"": ""paragraph""}, {""id"": ""CR_Diix1TK"", ""data"": {""text"": ""<b>CÔNG TY TNHH UHOUSE SOLUTION</b>""}, ""type"": ""paragraph""}, {""id"": ""pcByb5OEVs"", ""data"": {""text"": ""<i><b>Đồng Sáng Lập &amp; Giám Đốc Kỹ thuật/ 2022 - Hiện tại</b></i>""}, ""type"": ""paragraph""}, {""id"": ""BZ6CaHd7FJ"", ""data"": {""text"": ""Giám đốc kỹ thuật, phụ trách xây dựng và phát triển sản phẩm, quản lý và vận hành nhà trọ, chung cư.""}, ""type"": ""paragraph""}, {""id"": ""-SoNYbbCgf"", ""data"": {""text"": ""<b>CÔNG TY CỔ PHẦN TẬP ĐOÀN EEDC BALANCE</b>""}, ""type"": ""paragraph""}, {""id"": ""y-yGL2gYc8"", ""data"": {""text"": ""<i><b>Đồng Sáng Lập &amp; Giám Đốc Kỹ thuật/ 2022 - Hiện tại</b></i>""}, ""type"": ""paragraph""}, {""id"": ""EKId0d_RnH"", ""data"": {""text"": ""Giám đốc kỹ thuật, phụ trách ở mảng công nghệ. Xây dựng sàn thương mại điện tử B2B, B2C mảng nông nghiệp. Tìm kiếm khách hàng tiềm năng và phát triển khách hàng mảng công nghệ và nông nghiệp.""}, ""type"": ""paragraph""}, {""id"": ""we2iZUD6ne"", ""data"": {""text"": ""<b>QUỸ KHỞI NGHIỆP VÀ SÁNG TẠO GMT SI-FUND</b>""}, ""type"": ""paragraph""}, {""id"": ""bsXQ-6XZZi"", ""data"": {""text"": ""<i><b>Đồng Sáng Lập &amp; Phó Giám Đốc/ 2022 - Hiện tại</b></i>""}, ""type"": ""paragraph""}, {""id"": ""-rTe50ZiTq"", ""data"": {""text"": ""Phó giám đốc quỹ khởi nghiệp sáng tạo, phụ trách mảng công nghệ. Tìm kiếm các startup công nghệ tiềm năng, hướng dẫn quy trình xây dựng và phát triển doanh nghiệp. Kết nối các nhà đầu tư và các dòng tài chính đến với doanh nghiệp.""}, ""type"": ""paragraph""}, {""id"": ""lJuRJ7IiBb"", ""data"": {""text"": ""<b>CÔNG TY TNHH BE HAPPY</b>""}, ""type"": ""paragraph""}, {""id"": ""CzJUjrd_8t"", ""data"": {""text"": ""<i><b>Đồng Sáng Lập &amp; Giám Đốc Kỹ thuật/ 2021 - Hiện tại</b></i>""}, ""type"": ""paragraph""}, {""id"": ""ICRIqV4f2K"", ""data"": {""text"": ""Phụ trách xây dựng và phát triển sản phẩm hệ thống hóa đơn điện tử BE HAPPY.""}, ""type"": ""paragraph""}], ""version"": ""2.26.2""}",c3be3423-6e29-4e55-a171-96927dd6af26
f8f83b9e-bb3b-47eb-bfc8-0dd1b9883a76,,2022-12-09 15:57:03.644071,2022-12-11 12:57:21.572662,en,Ung Tien Dung,"Begin as an IT engineer, graduated from Bach Khoa University in Ho Chi Minh city. With more than 10 years of experience in the industry with many different projects. An expert in digital transformation.","{""time"": 1670738167818, ""blocks"": [{""id"": ""thvaFIVPuc"", ""data"": {""text"": ""Chairman &amp; CEO"", ""level"": 6}, ""type"": ""header""}, {""id"": ""YCAKmWqkk0"", ""data"": {""text"": ""He is an IT engineer graduated from Ho Chi Minh University of Technology. With more than 10 years of experience in the industry with many different projects, he is an expert in digital transformation consulting.""}, ""type"": ""paragraph""}, {""id"": ""Mfziv7YsOo"", ""data"": {""text"": ""Work experience:""}, ""type"": ""paragraph""}, {""id"": ""GnkUTlWKTQ"", ""data"": {""text"": ""<b>ARI TECHNOLOGY JOINT STOCK COMPANY</b>""}, ""type"": ""paragraph""}, {""id"": ""UCtbCQxhfb"", ""data"": {""text"": ""<i><b>President &amp; CEO / 2018 - Present</b></i>""}, ""type"": ""paragraph""}, {""id"": ""F_Vj9iRzPq"", ""data"": {""text"": ""Strategic orientation of structure, organization and development of the company in the short and long term.""}, ""type"": ""paragraph""}, {""id"": ""-o5Nt8-sJW"", ""data"": {""text"": ""<b>UNHOUSE SOLUTION COMPANY LIMITED</b>""}, ""type"": ""paragraph""}, {""id"": ""FsMxeuCX3J"", ""data"": {""text"": ""<i><b>Co-Founder &amp; Technical Director/ 2022 - Present</b></i>""}, ""type"": ""paragraph""}, {""id"": ""bTgUWcpzMS"", ""data"": {""text"": ""Technical director, in charge of building and developing products, managing and operating motels and apartments.""}, ""type"": ""paragraph""}, {""id"": ""ZgXeddMFtZ"", ""data"": {""text"": ""<b>EEDC BALANCE GROUP JOINT STOCK COMPANY</b>""}, ""type"": ""paragraph""}, {""id"": ""NqgEi54XQA"", ""data"": {""text"": ""<i><b>Co-Founder &amp; Technical Director/ 2022 - Present</b></i>""}, ""type"": ""paragraph""}, {""id"": ""500LqPmKnB"", ""data"": {""text"": ""Technical director. Building a B2B, B2C e-commerce platform for agriculture. Searching for potential customers and developing customers in technology and agriculture.""}, ""type"": ""paragraph""}, {""id"": ""6JhCH3s-OC"", ""data"": {""text"": ""<b>START-UP AND CREATIVE FUND GMT SI-FUND</b>""}, ""type"": ""paragraph""}, {""id"": ""p3_ancPCe1"", ""data"": {""text"": ""<i><b>Co-Founder &amp; Deputy Director / 2022 - Present</b></i>""}, ""type"": ""paragraph""}, {""id"": ""P58Gu3M69u"", ""data"": {""text"": ""Deputy Director, in charge of technology. Search for potential technology startups, guide the process of building and developing businesses. Connecting investors and finance flows to businesses.""}, ""type"": ""paragraph""}, {""id"": ""cZzYY61ifr"", ""data"": {""text"": ""<b>BE HAPPY CO., LTD</b>""}, ""type"": ""paragraph""}, {""id"": ""ZAHyu7W_qo"", ""data"": {""text"": ""<i><b>Co-Founder &amp; Technical Director/ 2021 - Present</b></i>""}, ""type"": ""paragraph""}, {""id"": ""bUzMPNYNMQ"", ""data"": {""text"": ""In charge of building and developing products of BE HAPPY electronic invoice system.""}, ""type"": ""paragraph""}], ""version"": ""2.26.2""}",c3be3423-6e29-4e55-a171-96927dd6af26
ecf2ead4-8203-4971-b8a6-897af2be0a1e,,2022-12-09 15:59:30.102802,2022-12-11 12:58:33.976395,vn,Trương Thị Ny (Út Ny),"Hiện là Ủy viên Đặc biệt và Đại diện của Hội đồng Phát triển Kinh tế Châu Âu (EEDC) - Đại diện cho Người được giao danh dự điều phối Chủ tịch EEDC Vương quốc Thái Lan và Cao ủy Các nước Châu Á-Thái Bình Dương và Châu Á cho Hội đồng Phát triển Kinh tế Châu Âu (EEDC). Đồng thời là chuyên gia cố vấn cho hơn 10 tổ chức và công ty, trong đó có Công ty cổ phần Công nghệ ARI. ","{""time"": 1670738284817, ""blocks"": [{""id"": ""1xG6cg80Wq"", ""data"": {""text"": ""Cố vấn chiến lược toàn diện"", ""level"": 6}, ""type"": ""header""}, {""id"": ""JFUnBrt30c"", ""data"": {""text"": ""Hiện là Ủy Viên Đặc biệt và Đại diện của Hội đồng Phát triển Kinh tế Châu Âu (EEDC).""}, ""type"": ""paragraph""}, {""id"": ""zxCyHmtxaj"", ""data"": {""text"": ""Thành viên Hội đồng tư vấn của Viện Kinh tế - Luật và Quản lý.""}, ""type"": ""paragraph""}, {""id"": ""dscJHhAgTR"", ""data"": {""text"": ""Cố Vấn Ban Trung Tâm Tư Vấn Pháp Luật ASEAN.""}, ""type"": ""paragraph""}, {""id"": ""OuV9hiNYPF"", ""data"": {""text"": ""Chuyên Gia Cố Vấn chiến lược Cộng Đồng cho Phó Chủ Tịch Liên Đoàn Yoga Châu Á.""}, ""type"": ""paragraph""}, {""id"": ""NCzzKkO-Te"", ""data"": {""text"": ""Chuyên gia cố vấn toàn diện trực tiếp cho Chủ Tịch Hội Thể thao giải trí thành phố Hà Nội.""}, ""type"": ""paragraph""}, {""id"": ""tkviGSfSal"", ""data"": {""text"": ""Ủy viên ban chấp hành - Phó Trưởng Ban Truyền thông &amp; Đối ngoại Hội Thể thao giải trí thành phố Hà Nội nhiệm kỳ I (2020-2025).""}, ""type"": ""paragraph""}, {""id"": ""XrT_Fpk4F6"", ""data"": {""text"": ""Chuyên gia hỗ trợ giải pháp doanh nghiệp.""}, ""type"": ""paragraph""}, {""id"": ""-ml1xAky-r"", ""data"": {""text"": ""Chuyên gia tư vấn đầu tư - hỗ trợ quỹ Dragon Capital &amp; VinaCapital tại Việt Nam.""}, ""type"": ""paragraph""}, {""id"": ""6qGb2lsKKn"", ""data"": {""text"": ""Cố vấn tại Công ty TNHH Chứng khoán NH Việt Nam.""}, ""type"": ""paragraph""}, {""id"": ""iEWmeKQLLV"", ""data"": {""text"": ""Cố vấn chiến lược toàn diện cho liên minh Vườn ươm khu vực miền trung Tây Nguyên (ISHN).""}, ""type"": ""paragraph""}, {""id"": ""WS_U0gCKmQ"", ""data"": {""text"": ""Cố vấn chiến lược toàn diện cho Câu lạc bộ Xúc tiến Thương mại thuộc Hội Doanh nhân trẻ Việt Nam (VINATIPC).""}, ""type"": ""paragraph""}, {""id"": ""zAtX4hmZDV"", ""data"": {""text"": ""Thành viên hội đồng Ban cố vấn quỹ học bổng \""Kết Nối Chắp Cánh Tương Lai\"".""}, ""type"": ""paragraph""}, {""id"": ""nhh3o_SBid"", ""data"": {""text"": ""Cố vấn chiến lược toàn diện cho Công ty Cổ phần Tập đoàn Thương Mại Khoáng Sản Toàn Cầu (GMT).""}, ""type"": ""paragraph""}, {""id"": ""TL5ylJEXQR"", ""data"": {""text"": ""Cố vấn chiến lược toàn diện của Công ty Cổ phần Công nghệ ARI.""}, ""type"": ""paragraph""}], ""version"": ""2.26.2""}",7306cd76-fbb6-4989-a8e7-7ce26a1b8c52
2611da56-6cc9-4c93-9a02-a2fe214cbf8e,,2022-12-09 16:07:05.755731,2022-12-11 13:02:05.180252,vn,Nguyễn Khắc Sinh Nhật,"Nhà phát triển phần mềm chuyên nghiệp với hơn mười năm kinh nghiệm triển khai và quản lý các dự án phần mềm cho các thị trường Việt Nam, Asian và Nhật Bản.","{""time"": 1670738506133, ""blocks"": [{""id"": ""Nlj__5LkDr"", ""data"": {""text"": ""Quản lý"", ""level"": 6}, ""type"": ""header""}, {""id"": ""AnIH7oREkq"", ""data"": {""text"": ""Xuất thân là một Developer tốt nghiệp tại trường Đại Học Khoa Học Tự Nhiên TPHCM. Với kiến thức kỹ thuật (Software development, system architect, network, infra,...) và nghiệp vụ chuyên sâu (đặc biệt trong lĩnh vực bán lẻ), khả năng giao tiếp tiếng Anh và tiếng Nhật tốt cộng với thời gian dài làm việc tại các công ty Nhật Bản và các công ty outsourcing hàng đầu Việt Nam. Anh đã tham gia triển khai và vận hành thành công nhiều dự án phầm mềm cho các thị trường Việt Nam, Asian và Nhật Bản ở cả vai trò nhà phát triển lẫn nhà quản lý dự án chuyên nghiệp.""}, ""type"": ""paragraph""}], ""version"": ""2.26.2""}",da3df091-b791-4893-886a-b82672f1af5b
7d561c2f-e322-456e-a54a-cb82169e865b,,2022-12-11 13:29:08.839314,2022-12-11 13:44:01.646589,en,"Meritorious teacher. Ph.D. Phạm Xuân Khánh, Secretary of the Party Committee, President of the school board, and Mission Leader.","Hanoi Vocational College Of High Technology and Nacentech Technology and Business Incubator Center – Ministry of Science and Technology had a meeting to evaluate the performance of the mission ""Developing The Market For Innovative StartUps""","{""time"": 1670741038700, ""blocks"": [{""id"": ""r3s9SCBudq"", ""data"": {""text"": ""On October 17, In Hanoi, Hanoi Vocational College Of High Technology and Nacentech Technology and Business Incubator Center – Ministry of Science and Technology had a meeting to evaluate the performance of the mission \""Developing The Market For Innovative StartUps\"".""}, ""type"": ""paragraph""}, {""id"": ""Eum5Bq8uyq"", ""data"": {""file"": {""url"": ""http://localhost:3000/files/447e47b6-9cf3-497f-b828-1c5531b79511.jpg""}, ""caption"": """", ""stretched"": false, ""withBorder"": false, ""withBackground"": false}, ""type"": ""image""}, {""id"": ""v840aQRiRs"", ""data"": {""text"": ""Nowadays, the innovative Start-up issue is a concern, particularly for Leaders of Parties and the Government. The Prime Minister has approved the project \""Supporting the national ecosystem of innovation start-ups up to 2025\"", which creates a favorable environment to promote and support the development of the start-up.&nbsp;""}, ""type"": ""paragraph""}, {""id"": ""gFKTrQF5k4"", ""data"": {""text"": ""Along with that, the Government has deployed to implement solutions to improve investment and business environment, perfect the legal to innovate, and create motivation for business evolution. At the same time, the Government promulgated policies such as Law on supporting small and medium businesses (in 2017); Decision No 844/QĐ-TTG in 2016, approving the project \""Supporting the national ecosystem of innovation start-ups up to 2025\""; Decree No 34/NĐ-CP March 8, 2018, Establishment, organization and operation of the credit guarantee fund for the small and medium businesses; Decision No 118/QĐ/TTG January 25, 2021, Promulgating the national technological innovation program until 2030; Decision No 1158/QĐ-TTG July 13, 2021, Promulgating the national science and technology market development program until 2030; The national digital Transformation program is the key government program to focus digital capabilities on each business, especially the small and medium businesses with limited resources (finance, human, technology)… which strengthen policies to support the development of small and medium enterprises and the start-up movement.""}, ""type"": ""paragraph""}, {""id"": ""bYKjJtgnGv"", ""data"": {""file"": {""url"": ""http://localhost:3000/files/94df7470-f869-4d79-99be-620e7361c020.jpg""}, ""caption"": ""Leader of National Agency for Technology Entrepreneurship and Commercialization Development (NATEC); Office of Nation Science and Technology Programs; Chairman of the National Innovation Startup Advisory Council, experts, investors, and businesses"", ""stretched"": false, ""withBorder"": false, ""withBackground"": false}, ""type"": ""image""}, {""id"": ""VQlUrFC-ky"", ""data"": {""text"": ""To concretize policies of Government, the Ministry of Science and Technology entrusted Hanoi Vocational College Of High Technology and Nacentech Technology and Business Incubator Center – Ministry of Science and Technology to perform the mission \""Developing The Market For Innovative Start-Ups\"" (code: 844.NV10.HHT.79-21), which are part of the project \""Supporting the national ecosystem of innovation startups until 2025\"". This mission is deployed to resolve the problems and needs of innovative startups. Helping innovative startups find resources to develop products and models, increase survival rates, and helping solve social issues, adding value to the economy.""}, ""type"": ""paragraph""}, {""id"": ""qoiEUu6YkR"", ""data"": {""file"": {""url"": ""http://localhost:3000/files/dd0dced8-0a21-4bb0-afa3-18c429de2964.jpg""}, ""caption"": ""Meritorious teacher. Ph.D. Phạm Xuân Khánh, Secretary of the Party Committee, President of the school board, and Mission Leader."", ""stretched"": false, ""withBorder"": false, ""withBackground"": false}, ""type"": ""image""}, {""id"": ""ZZDaxkEneP"", ""data"": {""text"": ""Through this conference, professional investors have come up with their ideas, high-probability projects, lessons learned in many areas, and issues of common interest. From here, students will be infused with more creative excitement and successful startups. This conference is an opportunity, that all staff, leaders, and students in the schools belonging to the state education system to be taught a precious experience. Seize opportunities for the sharing and orientation of professionals and investors in the field of business to apply to the projects of individuals and units.&nbsp;""}, ""type"": ""paragraph""}, {""id"": ""Co0t6gDuIL"", ""data"": {""text"": ""At the end of the conference, Meritorious teacher. Ph.D. Phạm Xuân Khánh sends a profound thank you: \""On behalf of the University's leaders, the research team, and the Organizing Committee, we would like to thank the deep affection and concern of the Representative of the European Economic Development Council EEDC, National Agency for Technology Entrepreneurship and Commercialization Development, Office of National Science and Technology Programs; National Innovation Startup Center, Nacentech Technology and Business Incubator Center – Ministry of Science and Technology, AIO Company, experts, investors, and businesses, that helps the school complete own mission and task. He would like to thank the cooperation, support, and organization of the Conference from the Vietnam Young Enterprise Investment and Trade Promotion Club in the North Central Region; businesses, press agencies; especially investors, and experts in the field of startups, Who actively cooperated and attended to contribute to the success of the conference”.""}, ""type"": ""paragraph""}, {""id"": ""Mke8NFyvfN"", ""data"": {""text"": ""<b>Some pictures at the conference:</b>""}, ""type"": ""paragraph""}, {""id"": ""maIBVHd4KR"", ""data"": {""file"": {""url"": ""http://localhost:3000/files/cfec425d-b3d7-4c26-b026-a14ef3f45513.jpg""}, ""caption"": """", ""stretched"": false, ""withBorder"": false, ""withBackground"": false}, ""type"": ""image""}, {""id"": ""TJ8G7AvFR5"", ""data"": {""text"": ""<b>Soure: Compilation</b>""}, ""type"": ""paragraph""}], ""version"": ""2.26.2""}",d9157df4-151d-4a9e-884b-f79547389480
a95917e3-3b70-4820-afa8-06db838e7d5d,,2022-12-11 13:29:08.839314,2022-12-11 13:47:10.793893,vn,Trường Cao đẳng nghề Công nghệ cao Hà Nội: Tổng kết nhiệm vụ “Phát triển thị trường cho doanh nghiệp khởi nghiệp đổi mới sáng tạo”,Trường Cao đẳng nghề Công nghệ cao Hà Nội phối hợp với Trung tâm Ươm tạo và Hỗ trợ doanh nghiệp KH&CN – Bộ KH&CN tổng kết đánh giá thực hiện nhiệm vụ “Phát triển thị trường cho doanh nghiệp khởi nghiệp đổi mới sáng tạo”.,"{""time"": 1670741224588, ""blocks"": [{""id"": ""6sFnOKdcdB"", ""data"": {""text"": ""Ngày 17/10, tại Hà Nội, Trường Cao đẳng nghề Công nghệ cao Hà Nội phối hợp với Trung tâm Ươm tạo và Hỗ trợ doanh nghiệp KH&amp;CN – Bộ KH&amp;CN đã có buổi tổng kết đánh giá thực hiện nhiệm vụ “Phát triển thị trường cho doanh nghiệp khởi nghiệp đổi mới sáng tạo”.""}, ""type"": ""paragraph""}, {""id"": ""ldoc3W4h1D"", ""data"": {""file"": {""url"": ""http://localhost:3000/files/b128989e-0b50-4223-b34d-d2ecf8e33811.jpg""}, ""caption"": """", ""stretched"": false, ""withBorder"": false, ""withBackground"": false}, ""type"": ""image""}, {""id"": ""6A0wziguNJ"", ""data"": {""text"": ""Khởi nghiệp đổi mới sáng tạo hiện nay đã và đang là chủ đề được lãnh đạo Đảng và Nhà nước ngày càng đặc biệt quan tâm. Nhằm tạo lập môi trường thuận lợi để thúc đẩy, hỗ trợ phát triển các doanh nghiệp khởi nghiệp, Thủ tướng Chính phủ đã phê duyệt Đề án “Hỗ trợ hệ sinh thái khởi nghiệp đổi mới sáng tạo quốc gia đến năm 2025” (Quyết định số 844/QĐ-TTg ngày 18/5/2016).&nbsp;""}, ""type"": ""paragraph""}, {""id"": ""tnPXRJyjGt"", ""data"": {""text"": ""Cùng với đó, Chính phủ đã không ngừng triển khai thực hiện các giải pháp cải thiện môi trường đầu tư, kinh doanh, hoàn thiện khung pháp lý nhằm đổi mới, tạo động lực cho DN phát triển. Song song, nhằm tăng cường các chính sách hỗ trợ phát triển DNNVV và phong trào khởi nghiệp, Chính phủ ban hành các chính sách như: Luật Hỗ trợ DNNVV (năm 2017); Quyết định 844/QĐ-TTg năm 2016 phê duyệt Đề án Hỗ trợ hệ sinh thái&nbsp;khởi nghiệp&nbsp;đổi mới&nbsp;sáng tạo&nbsp;quốc gia đến năm 2025; Nghị định số 34/NĐ-CP ngày 8 tháng 3 năm 2018 về thành lập, tổ chức và hoạt động của Quỹ Bảo lãnh tín dụng cho DNNVV; Quyết định 118/QĐ/TTg ngày 25 tháng 1 năm 2021 ban hành Chương trình đổi mới công nghệ quốc gia đến năm 2030; Quyết định 1158/QĐ-TTg ngày 13/7/2021 ban hành Chương trình phát triển thị trường khoa học và công nghệ quốc gia đến năm 2030; Chương trình Chuyển đổi số quốc gia đang là Chương trình trọng điểm của Nhà nước với mục tiêu tập trung triển khai năng lực số đến từng doanh nghiệp, đặc biệt là những DNNVV có nguồn lực hạn chế (tài chính, con người, công nghệ)…..""}, ""type"": ""paragraph""}, {""id"": ""MOM4lziY3X"", ""data"": {""file"": {""url"": ""http://localhost:3000/files/f8d09c92-75fb-428d-a136-8443479d1189.jpg""}, ""caption"": ""Lãnh đạo Cục Phát triển thị trường và Doanh nghiệp KH&amp;CN; Văn phòng Các Chương trình KH&amp;CN Quốc gia; Chủ tịch Hội đồng Cố vấn Khởi nghiệp đổi mới sáng tạo Quốc gia; các chuyên gia, các nhà đầu tư và các doanh nghiệp...."", ""stretched"": false, ""withBorder"": false, ""withBackground"": false}, ""type"": ""image""}, {""id"": ""Ro15_MUvQE"", ""data"": {""text"": ""Cụ thể hoá các chính sách của Chính phủ, Bộ KH&amp;CN đã giao cho Trường Cao đẳng nghề Công nghệ cao Hà Nội phối hợp với Trung tâm Ươm tạo và Hỗ trợ doanh nghiệp KH&amp;CN – Bộ KH&amp;CN để thực hiện nhiệm vụ “Phát triển thị trường cho doanh nghiệp khởi nghiệp đổi mới sáng tạo” (Mã số: 844.NV10.HHT.79-21) thuộc Đề án Hỗ trợ hệ sinh thái khởi nghiệp đổi mới sáng tạo quốc gia đến năm 2025. Nhiệm vụ được triển khai nhằm giải quyết các vấn đề và nhu cầu của chính doanh nghiệp khởi nghiệp ĐMST. Giúp các doanh nghiệp khởi nghiệp ĐMST tìm kiếm được nguồn lực phát triển sản phẩm, mô hình, nâng cao tỷ lệ sống sót cũng như góp phần vào giải quyết các vấn đề xã hội, tăng giá trị cho nền kinh tế.""}, ""type"": ""paragraph""}, {""id"": ""ZDIgYyJzpv"", ""data"": {""file"": {""url"": ""http://localhost:3000/files/e437e5f3-db9a-4545-9752-0171f72f2194.jpg""}, ""caption"": ""NGƯT. TS. Phạm Xuân Khánh, Bí thư Đảng ủy, Chủ Tịch Hội Đồng Trường và Chủ Nhiệm Nhiệm Vụ."", ""stretched"": false, ""withBorder"": false, ""withBackground"": false}, ""type"": ""image""}, {""id"": ""1qQFSuwk2u"", ""data"": {""text"": ""Thông qua Hội nghị lần này,&nbsp;các chuyên gia, các nhà đầu tư tìm thấy cho mình những ý tưởng và dự án có tính khả thi cao, những bài học kinh nghiệm về nhiều lĩnh vực và các vấn đề quan tâm chung. Từ đó, HSSV sẽ được truyền thêm nhiệt huyết sáng tạo và khởi nghiệp thành công. Hội nghị kết thúc thành công tốt đẹp, là dịp toàn thể đội ngũ cán bộ, lãnh đạo và HSSV trong các trường thuộc hệ thống GDNN được giao lưu học hỏi những kinh nghiệm quý báu, nắm bắt cơ hội từ sự chia sẻ, định hướng của các chuyên gia, nhà đầu tư trong lĩnh vực khởi nghiệp để vận dụng vào dự án của các cá nhân và đơn vị.&nbsp;""}, ""type"": ""paragraph""}, {""id"": ""J21sXCpoW_"", ""data"": {""text"": ""Kết thúc Hội Nghị, NGƯT. TS. Phạm Xuân Khánh&nbsp;gửi lời cảm ơn sâu sắc:&nbsp;\""Thay mặt cho lãnh đạo Nhà trường, nhóm nghiên cứu và Ban tổ chức, xin trân trọng cảm ơn những tình cảm, sự quan tâm sâu sắc của&nbsp;Đại Diện HĐPT KT Châu Âu EEDC, Cục PTTT&nbsp;Cục PTTT và DN KH&amp;CN, Văn phòng Các Chương trình KH&amp;CN quốc gia; Trung tâm Khởi nghiệp sáng tạo quốc gia, Trung tâm Ươm tạo và hỗ trợ DN KH&amp;CN, Công ty AIO, các chuyên gia, nhà đầu tư và và doanh nghiệp để Nhà trường hoàn thành nhiệm vụ và sứ mệnh của mình; trân trọng cảm ơn sự hợp tác, hỗ trợ và tổ chức Hội nghị từ phía CLB Xúc tiến thương mại và đầu tư DN Trẻ Việt Nam Cụm Bắc Trung Bộ; cảm ơn các doanh nghiệp, các cơ quan thông tấn báo chí; đặc biệt là các nhà đầu tư, chuyên gia trong lĩnh vực khởi nghiệp ĐMST đã tích cực hợp tác và đến tham dự để góp nên sự thành công của hội nghị hôm nay.""}, ""type"": ""paragraph""}, {""id"": ""qCpyH5zrzt"", ""data"": {""text"": ""<b>Một số hình ảnh tại Hội nghị:</b>""}, ""type"": ""paragraph""}, {""id"": ""8oLVofT12v"", ""data"": {""file"": {""url"": ""http://localhost:3000/files/902690ec-c789-4605-95ec-40c01be35374.jpg""}, ""caption"": """", ""stretched"": false, ""withBorder"": false, ""withBackground"": false}, ""type"": ""image""}, {""id"": ""hPaISVJU3v"", ""data"": {""text"": ""<b>Nguồn: Tổng hợp</b>""}, ""type"": ""paragraph""}], ""version"": ""2.26.2""}",d9157df4-151d-4a9e-884b-f79547389480
3caf6fde-217d-47dd-bfd2-5b19c2aa46d6,,2022-12-11 13:49:44.635867,2022-12-11 13:50:53.230551,en,Vina E-invoice System,"Building Vina E-lnvoice electronic invoice system, providing electronic invoice management solutions for companies. Invoices are created generated, sent, received, stored, managed and purchased by electronic method; signed with an electronic ...","{""time"": 1670741431796, ""blocks"": [{""id"": ""r3s9SCBudq"", ""data"": {""text"": ""Building Vina E-lnvoice electronic invoice system, providing electronic invoice management solutions for companies. Invoices are created generated, sent, received, stored, managed and purchased by electronic method; signed with an electronic signature (digital signature), legal valid as a traditional paper invoice.""}, ""type"": ""paragraph""}, {""id"": ""cd2aLCajv2"", ""data"": {""file"": {""url"": ""http://localhost:3000/files/5b59339b-bbe7-4e4c-9ebf-f8fe826a9279.png""}, ""caption"": """", ""stretched"": false, ""withBorder"": false, ""withBackground"": false}, ""type"": ""image""}], ""version"": ""2.26.2""}",9046fcad-5b92-4f03-814a-5d2c8090e391
4bab2997-7566-49c9-957f-2f700c092076,,2022-12-11 13:49:44.635867,2022-12-11 13:50:53.230551,vn,Hệ thống Vina E-invoice,"Xây dựng hệ thống hóa đơn điện tử Vina EInvoice, cung cấp giải pháp quản lý hóa đơn điện tử cho doanh nghiệp. Hóa đơn được tạo, lập, gửi, nhận, lưu trữ, quản lý và mua bằng phương thức điện tử; được ký bằng chữ ký điện tử (chữ ký số), có giá trị pháp lý như ...","{""time"": 1670741448584, ""blocks"": [{""id"": ""r3s9SCBudq"", ""data"": {""text"": ""Xây dựng hệ thống hóa đơn điện tử Vina EInvoice, cung cấp giải pháp quản lý hóa đơn điện tử cho doanh nghiệp. Hóa đơn được tạo, lập, gửi, nhận, lưu trữ, quản lý và mua bằng phương thức điện tử; được ký bằng chữ ký điện tử (chữ ký số), có giá trị pháp lý như hóa đơn giấy thông thường.""}, ""type"": ""paragraph""}, {""id"": ""8oQBoQgp7a"", ""data"": {""file"": {""url"": ""http://localhost:3000/files/c28f9195-b6e9-46ac-93a0-857c4c63bf03.png""}, ""caption"": """", ""stretched"": false, ""withBorder"": false, ""withBackground"": false}, ""type"": ""image""}], ""version"": ""2.26.2""}",9046fcad-5b92-4f03-814a-5d2c8090e391
